,scopus_id,title,publication_name,issn,isbn,eissn,volume,page_range,cover_date,doi,citation_count,affiliation,aggregation_type,subtype_description,authors,full_text
0,85174619893,MIRROR: multi-objective refactoring recommendation via correlation analysis,Automated Software Engineering,09288910,,15737535,31,,2024-06-01,10.1007/s10515-023-00400-1,0,"[{'name': 'Hebei University of Science and Technology', 'city': 'Shijiazhuang', 'country': 'China'}, {'name': 'Hebei Technology Innovation Center of Intelligent IoT', 'city': 'Shijiazhuang', 'country': 'China'}]",Journal,Article,"['55816561700', '58657696800', '58611926900']",
1,85169442919,Analysis and sensitivity study of steam explosion loads,Annals of Nuclear Energy,03064549,,18732100,194,,2023-12-15,10.1016/j.anucene.2023.110064,0,"[{'name': 'Université de Lorraine', 'city': 'Nancy', 'country': 'France'}, {'name': 'PSN-RES/SAM', 'city': 'Saint-Paul-Lez-Durance Cedex', 'country': 'France'}]",Journal,Article,"['58182397000', '6507999725', '56403234100', '6507566066']",https://api.elsevier.com/content/article/eid/1-s2.0-S0306454923003833
2,85171773078,Treatment variability and its relationships to outcomes among patients with Wernicke's encephalopathy: A multicenter retrospective study,Drug and Alcohol Dependence,03768716,,18790046,252,,2023-11-01,10.1016/j.drugalcdep.2023.110961,0,"[{'name': 'Complejo Hospitalario Universitario de Vigo', 'city': 'Vigo', 'country': 'Spain'}, {'name': 'Complejo Asistencial de Ávila', 'city': 'Avila', 'country': 'Spain'}, {'name': 'Hospital Clínico San Carlos', 'city': 'Madrid', 'country': 'Spain'}, {'name': 'Hospital Clinic Barcelona', 'city': 'Barcelona', 'country': 'Spain'}, {'name': 'Hospital General del Insalud, Soria', 'city': 'Soria', 'country': 'Spain'}, {'name': 'Hospital Universitari Germans Trias i Pujol', 'city': 'Badalona', 'country': 'Spain'}, {'name': 'Hospital Clínico Universitario de Salamanca', 'city': 'Salamanca', 'country': 'Spain'}, {'name': 'Complejo Hospitalario Universitario Juan Canalejo', 'city': 'Corunna', 'country': 'Spain'}, {'name': 'Corporació Sanitària Parc Taulí', 'city': 'Sabadell', 'country': 'Spain'}, {'name': 'Hospital Universitario Central de Asturias', 'city': 'Oviedo', 'country': 'Spain'}, {'name': 'Institute Catala Oncologia', 'city': 'Hospitalet de Llobregat', 'country': 'Spain'}, {'name': 'Hospital Universitario de Canarias', 'city': 'La Cuesta', 'country': 'Spain'}, {'name': 'Hospital Universitari de Bellvitge', 'city': 'Barcelona', 'country': 'Spain'}, {'name': 'Hospital de León', 'city': 'Leon', 'country': 'Spain'}, {'name': 'Complejo Hospitalario Universitario de Santiago', 'city': 'Santiago de Compostela', 'country': 'Spain'}, {'name': 'Hospital Virgen del Puerto', 'city': 'Caceres', 'country': 'Spain'}, {'name': 'Hospital Comarcal de Menorca', 'city': 'Mahon, Menorca', 'country': 'Spain'}, {'name': 'Hospital QuirónSalud', 'city': 'Santa Cruz de Tenerife', 'country': 'Spain'}, {'name': 'Vithas Xanit International Hospital', 'city': 'Benalmadena', 'country': 'Spain'}, {'name': 'Complexo Hospitalario Universitario de Ourense', 'city': 'Orense', 'country': 'Spain'}, {'name': 'Hospital Ribera Povisa', 'city': 'Vigo', 'country': 'Spain'}, {'name': 'Hospital Universitario Lucus Augusti', 'city': 'Lugo', 'country': 'Spain'}, {'name': 'Hospital La Rosaleda', 'city': 'La Coruna', 'country': 'Spain'}, {'name': 'Hospital Público de Monforte', 'city': 'Lugo', 'country': 'Spain'}]",Journal,Article,"['35079133300', '56429697400', '6603539875', '23477564000', '57216427689', '7004312773', '57226356170', '57195222319', '55985524900', '6602493458', '56659382800', '16417823900', '57195215147', '6506690066', '57195215229', '55243347400', '26028525800', '55974611800', '57194049169', '57194564819', '57195216877', '36760604000', '54406610800', '55189877500', '57643803400', '57190307477', '58608841900', '7801481746', '8654344200', '57197516451']",https://api.elsevier.com/content/article/eid/1-s2.0-S0376871623011997
3,85160310918,Electrical fire risk indexing using fuzzy Petri nets,Fire Safety Journal,03797112,,,139,,2023-08-01,10.1016/j.firesaf.2023.103817,0,"[{'name': 'Instituto de Investigação e Desenvolvimento Tecnológico para a Construção, Energia, Ambiente e Sustentabilidade', 'city': 'Coimbra', 'country': 'Portugal'}, {'name': 'Universidade Federal de Minas Gerais', 'city': 'Belo Horizonte', 'country': 'Brazil'}, {'name': 'Universidade Federal do Rio Grande do Sul', 'city': 'Porto Alegre', 'country': 'Brazil'}, {'name': 'Universidade de Coimbra, Faculdade de Ciências e Tecnologia', 'city': 'Coimbra', 'country': 'Portugal'}]",Journal,Article,"['57275062700', '20434810800', '58290577300']",https://api.elsevier.com/content/article/eid/1-s2.0-S0379711223000851
4,85168701005,Poisoning Self-supervised Learning Based Sequential Recommendations,SIGIR 2023 - Proceedings of the 46th International ACM SIGIR Conference on Research and Development in Information Retrieval,,"[{'@_fa': 'true', '$': '9781450394086'}]",,,300-310,2023-07-19,10.1145/3539618.3591751,0,"[{'name': 'Wuhan University', 'city': 'Wuhan', 'country': 'China'}, {'name': 'City University of Hong Kong', 'city': 'Hong Kong', 'country': 'Hong Kong'}, {'name': ""Ministry of Education of the People's Republic of China"", 'city': 'Beijing', 'country': 'China'}]",Conference Proceeding,Conference Paper,"['57216590565', '57739673000', '56856235900', '35106222100', '48761579500']",
5,85168657246,Attacking Pre-trained Recommendation,SIGIR 2023 - Proceedings of the 46th International ACM SIGIR Conference on Research and Development in Information Retrieval,,"[{'@_fa': 'true', '$': '9781450394086'}]",,,1811-1815,2023-07-19,10.1145/3539618.3591949,0,"[{'name': 'Tencent', 'city': 'Shenzhen', 'country': 'China'}, {'name': 'Institute of Computing Technology Chinese Academy of Sciences', 'city': 'Beijing', 'country': 'China'}, {'name': 'Beihang University', 'city': 'Beijing', 'country': 'China'}]",Conference Proceeding,Conference Paper,"['57220962667', '23391452500', '57155801500', '57211746430', '57202848584', '57208495459', '7406453263', '26643590900']",
6,85174592856,Indoor air quality control at national-level regulations: A special case in Indonesia,Journal of Air Pollution and Health,,,24763071,8,315-338,2023-06-01,10.18502/japh.v8i3.13788,0,"[{'name': 'Universitas Indonesia', 'city': 'Depok', 'country': 'Indonesia'}]",Journal,Article,"['57200131887', '58657951800', '58571958200', '58658300700', '57205692073', '58658297700', '57221378660', '15759436800']",
7,85161896079,"Sectarian Intolerance in Pakistan: An Analysis of Causes, Challenges, and Solutions",Islamic Studies,05788072,,27105326,62,131-141,2023-03-31,10.52541/isiri.v62i1.1145,0,"[{'name': 'Lahore College for Women University', 'city': 'Lahore', 'country': 'Pakistan'}, {'name': 'Bahauddin Zakariya University', 'city': 'Multan', 'country': 'Pakistan'}]",Journal,Article,"['57224349057', '58313858000']",
8,85141029028,"Analysis of Ground Response of Bandung Region Subsoils due to Predicted Earthquake Triggered by Lembang Fault, West Java Province, Indonesia",Geotechnical and Geological Engineering,09603182,,15731529,41,1155-1181,2023-03-01,10.1007/s10706-022-02328-x,3,"[{'name': 'Politeknik Negeri Bandung', 'city': 'Bandung', 'country': 'Indonesia'}, {'name': 'Universitas Bengkulu', 'city': 'Bengkulu', 'country': 'Indonesia'}]",Journal,Article,"['57214106501', '57195243838', '57217101977', '56303988800', '57214130105']",
9,85151275497,Addressing Confounding Feature Issue for Causal Recommendation,ACM Transactions on Information Systems,10468188,,15582868,41,,2023-02-07,10.1145/3559757,1,"[{'name': 'Tencent', 'city': 'Shenzhen', 'country': 'China'}, {'name': 'University of Science and Technology of China', 'city': 'Hefei', 'country': 'China'}]",Journal,Article,"['56285637300', '57218706452', '57191254399', '57118650600', '57203394863', '57193888550', '57215882960']",
10,85174208083,Mitigating methanol: how a deadly plant became a beloved resource,Emerald Emerging Markets Case Studies,,,20450621,13,1-26,2023-01-01,10.1108/EEMCS-04-2023-0139,0,"[{'name': 'School of Business Administration', 'city': 'Sharjah', 'country': 'United Arab Emirates'}]",Journal,Article,"['58648615000', '22978699000']",
11,85171832780,Personalized action suggestions in low-code automation platforms,Proceedings - International Conference on Software Engineering,02705257,"[{'@_fa': 'true', '$': '9798350322637'}]",,,346-350,2023-01-01,10.1109/ICSE-Companion58688.2023.00100,0,"[{'name': 'Microsoft Corporation', 'city': 'Redmond', 'country': 'United States'}, {'name': 'Prose Microsoft', 'city': 'New Delhi', 'country': 'India'}, {'name': 'Prose Microsoft', 'city': 'Keerbergen', 'country': 'Belgium'}]",Conference Proceeding,Conference Paper,"['58597810900', '57198770356', '57848393800', '55901318200', '55602744500']",
12,85171735954,Long-term Static Analysis Rule Quality Monitoring Using True Negatives,Proceedings - International Conference on Software Engineering,02705257,"[{'@_fa': 'true', '$': '9798350300376'}]",,,315-326,2023-01-01,10.1109/ICSE-SEIP58684.2023.00034,0,"[{'name': 'Amazon.com, Inc.', 'city': 'Seattle', 'country': 'United States'}]",Conference Proceeding,Conference Paper,"['57210117673', '57758574000', '28168059600', '35186406200', '58608915900', '57607613900']",
13,85167698247,Planning Data Poisoning Attacks on Heterogeneous Recommender Systems in a Multiplayer Setting,Proceedings - International Conference on Data Engineering,10844627,"[{'@_fa': 'true', '$': '9798350322279'}]",,2023-April,2510-2523,2023-01-01,10.1109/ICDE55515.2023.00193,0,"[{'name': 'Academia Sinica, Research Center for Information Technology Innovation', 'city': 'Taipei', 'country': 'Taiwan'}, {'name': 'University of Illinois at Chicago', 'city': 'Chicago', 'country': 'United States'}, {'name': 'Institute of Information Science, Academia Sinica', 'city': 'Taipei', 'country': 'Taiwan'}, {'name': 'National Taiwan University', 'city': 'Taipei', 'country': 'Taiwan'}, {'name': 'Pennsylvania State University', 'city': 'University Park', 'country': 'United States'}]",Conference Proceeding,Conference Paper,"['57217046330', '57217013490', '7404800682', '7407085251', '7402366049', '54790521000']",
14,85163651082,Correlation Between Opioid Drug Prescription and Opioid-Related Mortality in Spain as a Surveillance Tool: Ecological Study,JMIR Public Health and Surveillance,,,23692960,9,,2023-01-01,10.2196/43776,1,"[{'name': 'Quirónsalud', 'city': 'Madrid', 'country': 'Spain'}, {'name': 'Universidad Complutense de Madrid, Facultad de Medicina', 'city': 'Madrid', 'country': 'Spain'}, {'name': 'Universidad Europea de Madrid', 'city': 'Villaviciosa de Odon', 'country': 'Spain'}, {'name': 'Universidad de Alcalá', 'city': 'Alcala de Henares', 'country': 'Spain'}, {'name': 'Hospital Universitario Puerta del Mar', 'city': 'Cadiz', 'country': 'Spain'}, {'name': 'Universidad de Cádiz', 'city': 'Cadiz', 'country': 'Spain'}, {'name': 'Escuela Andaluza Salud Publica', 'city': 'Granada', 'country': 'Spain'}, {'name': 'Instituto de Salud Carlos III', 'city': 'Madrid', 'country': 'Spain'}, {'name': 'Center for Biomedical Research in Epidemiology and Public Health (CIBER)', 'city': 'Madrid', 'country': 'Spain'}]",Journal,Article,"['53878426100', '58523475600', '58523008000', '58523822800', '57381669500', '57223156633', '58523594800', '57218644284']",
15,85153686948,Opportunities to Enhance the Implementation of Veterans Affairs Video-Based Care: Qualitative Perspectives of Providers from Diverse Specialties,Journal of Medical Internet Research,,,14388871,25,,2023-01-01,10.2196/43314,0,"[{'name': 'San Francisco VA Health Care System', 'city': 'San Francisco', 'country': 'United States'}, {'name': 'Stanford University School of Medicine', 'city': 'Stanford', 'country': 'United States'}, {'name': 'UCSF School of Medicine', 'city': 'San Francisco', 'country': 'United States'}, {'name': 'VA Palo Alto Health Care System', 'city': 'Palo Alto', 'country': 'United States'}]",Journal,Article,"['36683171300', '55787172800', '57201796065', '6507807254', '57198105710']",
16,85120058356,Detecting Continuous Integration Skip Commits Using Multi-Objective Evolutionary Search,IEEE Transactions on Software Engineering,00985589,,19393520,48,4873-4891,2022-12-01,10.1109/TSE.2021.3129165,2,"[{'name': 'École de Technologie Supérieure', 'city': 'Montreal', 'country': 'Canada'}, {'name': 'Rochester Institute of Technology', 'city': 'Rochester', 'country': 'United States'}]",Journal,Article,"['57212273039', '50761492200', '55904259300']",
17,85120469036,Oromandibular dystonia and temporomandibular disorders,Journal of the American Dental Association,00028177,,19434723,153,899-906,2022-09-01,10.1016/j.adaj.2021.07.026,1,,Journal,Article,"['57255211600', '6603375639', '7102144956']",https://api.elsevier.com/content/article/eid/1-s2.0-S0002817721004840
18,85138396613,Do Loyal Users Enjoy Better Recommendations? Understanding Recommender Accuracy from a Time Perspective,ICTIR 2022 - Proceedings of the 2022 ACM SIGIR International Conference on the Theory of Information Retrieval,,"[{'@_fa': 'true', '$': '9781450394123'}]",,,92-97,2022-08-23,10.1145/3539813.3545124,4,"[{'name': 'Wuhan University', 'city': 'Wuhan', 'country': 'China'}, {'name': 'Nanyang Technological University', 'city': 'Singapore City', 'country': 'Singapore'}]",Conference Proceeding,Conference Paper,"['57218709756', '7202552214', '57193490879', '48761579500']",
19,85126604690,Rare variants in genes encoding structural myocyte contribute to a thickened ventricular septum in sudden death population without ventricular alterations,Forensic Science International: Genetics,18724973,,18780326,58,,2022-05-01,10.1016/j.fsigen.2022.102688,2,"[{'name': 'Centro de Investigación en Red en Enfermedades Cardiovasculares', 'city': 'Madrid', 'country': 'Spain'}, {'name': ""Institut d'Investigació Biomèdica de Girona Dr. Josep Trueta"", 'city': 'Salt', 'country': 'Spain'}, {'name': 'Universitat de Vic - Universitat Central de Catalunya (UVic-UCC)', 'city': 'Vic', 'country': 'Spain'}, {'name': 'Universitat de Girona', 'city': 'Girona', 'country': 'Spain'}, {'name': 'Institut de Medicina Legal i Ciències Forenses de Catalunya (IMLCFC)', 'city': 'Barcelona', 'country': 'Spain'}]",Journal,Article,"['55143052800', '56203225600', '56717746000', '57076769600', '57196523112', '57499254000', '26654114500', '36130484800', '33568241300', '57200398583', '55548511800', '56910099200', '57381174800', '26643853000', '24399229800', '8282397500', '7102780753', '7004426039']",https://api.elsevier.com/content/article/eid/1-s2.0-S1872497322000291
20,85124904329,Why does the president tweet this? Discovering reasons and contexts for politicians’ tweets from news articles,Information Processing and Management,03064573,,,59,,2022-05-01,10.1016/j.ipm.2022.102892,3,"[{'name': 'ShanghaiTech University', 'city': 'Shanghai', 'country': 'China'}, {'name': 'University of Maryland, College Park', 'city': 'College Park', 'country': 'United States'}]",Journal,Article,"['57209719839', '57211205668', '57204637606', '57458800000', '57220191078', '55475042000']",https://api.elsevier.com/content/article/eid/1-s2.0-S0306457322000218
21,85129892084,Deep Interest Highlight Network for Click-Through Rate Prediction in Trigger-Induced Recommendation,WWW 2022 - Proceedings of the ACM Web Conference 2022,,"[{'@_fa': 'true', '$': '9781450390965'}]",,,422-430,2022-04-25,10.1145/3485447.3511970,12,"[{'name': 'Alibaba Group Holding Limited', 'city': 'Yu Hang', 'country': 'China'}, {'name': 'The University of Sydney', 'city': 'Sydney', 'country': 'Australia'}, {'name': 'Zhejiang University', 'city': 'Hangzhou', 'country': 'China'}]",Conference Proceeding,Conference Paper,"['57313513100', '57217169961', '57313445200', '56029033100', '57211759950', '57220594368', '57191700056']",
22,85130048009,Study of the Interaction Trigger for Au + Au Collisions in BM@N Experiment,Physics of Particles and Nuclei,10637796,,15318559,53,541-545,2022-04-01,10.1134/S1063779622020472,0,"[{'name': 'Joint Institute for Nuclear Research, Dubna', 'city': 'Dubna', 'country': 'Russian Federation'}]",Journal,Article,"['57197791545', '35354300800', '7004857167']",
23,85143251834,Technical Indicator for a Better Intraday Understanding of Uptrends or Downtrends in the Financial Markets using Volume Transactions as a Trigger,CEUR Workshop Proceedings,16130073,,,3282,182-194,2022-01-01,,0,"[{'name': 'Universidad ECOTEC', 'city': 'Samborondon', 'country': 'Ecuador'}]",Conference Proceeding,Conference Paper,['57201851031'],
24,85129225176,Ethereum Smart Contract Analysis Tools: A Systematic Review,IEEE Access,,,21693536,10,57037-57062,2022-01-01,10.1109/ACCESS.2022.3169902,14,"[{'name': 'Manipal University Jaipur', 'city': 'Jaipur', 'country': 'India'}, {'name': 'Gwangju Institute of Science and Technology', 'city': 'Gwangju', 'country': 'South Korea'}]",Journal,Review,"['55941362800', '56394940000', '57195923799', '57209860887', '7501479875']",
0,85126382926,Should we remove the notion of “discernment” from article 122-1 of the French criminal code? A reply to J.-P. Bouchard (2018),Annales Medico-Psychologiques,00034487,,17696631,,,2022-01-01,10.1016/j.amp.2022.02.022,0,"[{'name': 'Institut de Sciences criminelles et de la Justice', 'city': 'Bordeaux', 'country': 'France'}]",Journal,Article,['57198925187'],https://api.elsevier.com/content/article/eid/1-s2.0-S0003448722000816
1,85124812369,A New Injection Threat on S7-1500 PLCs - Disrupting the Physical Process Offline,IEEE Open Journal of the Industrial Electronics Society,,,26441284,3,146-162,2022-01-01,10.1109/OJIES.2022.3151528,4,"[{'name': 'Institut fur innovative Mikroelektronik (IHP)', 'city': 'Frankfurt/Oder', 'country': 'Germany'}, {'name': 'Brandenburgische Technische Universität Cottbus', 'city': 'Cottbus', 'country': 'Germany'}]",Journal,Article,"['57226685266', '55879998800']",
2,85117733907,How do i refactor this? An empirical study on refactoring trends and topics in Stack Overflow,Empirical Software Engineering,13823256,,15737616,27,,2022-01-01,10.1007/s10664-021-10045-x,17,"[{'name': 'École de Technologie Supérieure', 'city': 'Montreal', 'country': 'Canada'}, {'name': 'Rochester Institute of Technology', 'city': 'Rochester', 'country': 'United States'}]",Journal,Article,"['57194647753', '57306256600', '57211323794', '54405883100', '55904259300', '50761492200']",
3,85110940004,Assessing acute functional decline in older patients in home nursing care settings using the Modified Early Warning Score: A qualitative study of nurses’ and general practitioners’ experiences,International Journal of Older People Nursing,17483735,,17483743,17,,2022-01-01,10.1111/opn.12416,2,"[{'name': 'OsloMet – storbyuniversitetet', 'city': 'Oslo', 'country': 'Norway'}, {'name': 'Medisinske Fakultet', 'city': 'Oslo', 'country': 'Norway'}, {'name': 'Tvedestrand Municipality', 'city': 'Tvedestrand', 'country': 'Norway'}]",Journal,Article,"['57226238677', '6603938887', '55835915600']",
4,85108950809,A code-compliance assessment tool for fire prevention measures in educational facilities,International Journal of Emergency Services,20470894,,20470908,10,412-426,2021-10-05,10.1108/IJES-06-2020-0030,3,"[{'name': 'Norges Teknisk-Naturvitenskapelige Universitet', 'city': 'Trondheim', 'country': 'Norway'}, {'name': 'King Fahd University of Petroleum and Minerals', 'city': 'Dhahran', 'country': 'Saudi Arabia'}]",Journal,Article,"['57220204143', '7003802898', '57211542640', '57206026233']",
5,85116528713,The epidemiology of atopic dermatitis in older adults: A population-based study in the United Kingdom,PLoS ONE,,,19326203,16,,2021-10-01,10.1371/journal.pone.0258219,17,"[{'name': 'UCSF School of Medicine', 'city': 'San Francisco', 'country': 'United States'}, {'name': 'London School of Hygiene &amp; Tropical Medicine', 'city': 'London', 'country': 'United Kingdom'}, {'name': 'University of California, Berkeley', 'city': 'Berkeley', 'country': 'United States'}, {'name': 'University of California, San Francisco', 'city': 'San Francisco', 'country': 'United States'}, {'name': 'Penn Medicine', 'city': 'Philadelphia', 'country': 'United States'}]",Journal,Article,"['57287660300', '57195038598', '57206666257', '57505789300', '55490520500', '55628585199', '7102820530', '6507310339']",
6,85103012950,Real-time Relevant Recommendation Suggestion,WSDM 2021 - Proceedings of the 14th ACM International Conference on Web Search and Data Mining,,"[{'@_fa': 'true', '$': '9781450382977'}]",,,112-120,2021-08-03,10.1145/3437963.3441733,8,"[{'name': 'Tencent', 'city': 'Shenzhen', 'country': 'China'}]",Conference Proceeding,Conference Paper,"['57155801500', '57221059106', '57222527594', '57222525883', '57211406698', '57202818967']",
7,85111640093,A Study of Defensive Methods to Protect Visual Recommendation against Adversarial Manipulation of Images,SIGIR 2021 - Proceedings of the 44th International ACM SIGIR Conference on Research and Development in Information Retrieval,,"[{'@_fa': 'true', '$': '9781450380379'}]",,,1094-1103,2021-07-11,10.1145/3404835.3462848,16,"[{'name': 'Politecnico di Bari', 'city': 'Bari', 'country': 'Italy'}]",Conference Proceeding,Conference Paper,"['57078657900', '56685543100', '6508366184', '57218161605', '57211339566']",
8,85103381268,Parametric study on the I-shape brace connection of conventional concentrically braced frames,Journal of Constructional Steel Research,0143974X,,,182,,2021-07-01,10.1016/j.jcsr.2021.106669,6,"[{'name': 'Polytechnique Montréal', 'city': 'Montreal', 'country': 'Canada'}, {'name': 'Université McGill', 'city': 'Montreal', 'country': 'Canada'}]",Journal,Article,"['57193768656', '7201663582', '35436157300']",https://api.elsevier.com/content/article/eid/1-s2.0-S0143974X21001504
9,85100891307,Assessing employee health policies for reporting and excluding Ill food employees in restaurants within the United States,Journal of Food Protection,0362028X,,19449097,84,291-295,2021-02-01,10.4315/JFP-20-158,0,"[{'name': 'Food and Drug Administration', 'city': 'Silver Spring', 'country': 'United States'}]",Journal,Article,"['21335010400', '7201562506', '57219773660', '57193440378']",https://api.elsevier.com/content/article/eid/1-s2.0-S0362028X22054187
10,85149341757,Maximizing Production with Real-Time Integrity Operating Windows,Proceedings of the Annual Offshore Technology Conference,01603663,"[{'@_fa': 'true', '$': '9781613997871'}]",,,,2021-01-01,10.4043/31030-MS,0,"[{'name': 'Mitsubishi Heavy Industries, Ltd.', 'city': 'Tokyo', 'country': 'Japan'}, {'name': 'Inc', 'city': 'Philadelphia', 'country': 'United States'}]",Conference Proceeding,Conference Paper,"['7103072037', '57194656387', '36482007200']",
11,85121441246,Аnaphylactic shock. Сlinical guidelines,Russian Journal of Allergy,18108830,,2686682X,18,56-72,2021-01-01,10.36691/RJA1422,1,"[{'name': 'Moscow Regional Research and Clinical Institute', 'city': 'Moscow', 'country': 'Russian Federation'}, {'name': 'A.I. Yevdokimov Moscow State University of Medicine and Dentistry', 'city': 'Moscow', 'country': 'Russian Federation'}, {'name': 'State Research Center Institute of Immunology FMBA', 'city': 'Moscow', 'country': 'Russian Federation'}, {'name': 'Pirogov Russian National Research Medical University (RNRMU)', 'city': 'Moscow', 'country': 'Russian Federation'}, {'name': 'Kazan Federal University', 'city': 'Kazan', 'country': 'Russian Federation'}, {'name': 'Kazan State Medical University', 'city': 'Kazan', 'country': 'Russian Federation'}, {'name': 'Ministry of Health of Russian Federation', 'city': 'Moscow', 'country': 'Russian Federation'}, {'name': 'Kuban State Medical Academy', 'city': 'Krasnodar', 'country': 'Russian Federation'}, {'name': 'Ural State Medical University', 'city': 'Sverdlovsk', 'country': 'Russian Federation'}, {'name': 'North-Western State Medical University named after I.I. Mechnikov', 'city': 'Saint Petersburg', 'country': 'Russian Federation'}, {'name': 'Russian Federation of Anesthesiologists and Reanimatologists', 'city': 'Moscow', 'country': 'Russian Federation'}, {'name': 'Institute of Allergology and Clinical Immunology', 'city': 'Moscow', 'country': 'Russian Federation'}]",Journal,Article,"['6506637441', '57210446655', '6508104506', '6701421071', '37100080800', '57219743915', '6602775085', '37100047200', '57211778230', '6506668951', '6507842427', '57384425300', '58399983600']",
12,85076703350,A modelling approach to investigate the impact of consumption of three different beef compositions on human dietary fat intakes,Public Health Nutrition,13689800,,14752727,23,2373-2383,2020-09-01,10.1017/S1368980019003471,12,"[{'name': 'Munster Technological University (MTU)', 'city': 'Bishopstown', 'country': 'Ireland'}, {'name': ""Queen's University Belfast"", 'city': 'Belfast', 'country': 'United Kingdom'}, {'name': 'University College Cork', 'city': 'Cork', 'country': 'Ireland'}, {'name': 'Moorepark Animal &amp; Grassland Research Centre', 'city': 'Fermoy', 'country': 'Ireland'}, {'name': 'University College Dublin', 'city': 'Dublin', 'country': 'Ireland'}]",Journal,Article,"['57195372750', '57204255159', '7006506879', '7004223842', '55417373100', '7103124276', '35518141900', '55445664500']",
13,85074847447,Time to development of metformin-associated lactic acidosis,Clinical Toxicology,15563650,,15569519,58,758-762,2020-07-02,10.1080/15563650.2019.1686514,5,"[{'name': 'The University of Chicago', 'city': 'Chicago', 'country': 'United States'}, {'name': 'Illinois Poison Center', 'city': 'Chicago', 'country': 'United States'}, {'name': 'Medical College of Wisconsin', 'city': 'Milwaukee', 'country': 'United States'}, {'name': 'Wisconsin Poison Center', 'city': 'Milwaukee', 'country': 'United States'}]",Journal,Article,"['13612486900', '57211688592', '39061128100', '6508168072']",
14,85077057399,Post-tonsillectomy respiratory complications in children with sleep disordered breathing,International Journal of Pediatric Otorhinolaryngology,01655876,,18728464,131,,2020-04-01,10.1016/j.ijporl.2019.109852,3,"[{'name': 'Penn State College of Medicine', 'city': 'Hershey', 'country': 'United States'}]",Journal,Article,"['56941906100', '57193277836', '23994478300']",https://api.elsevier.com/content/article/eid/1-s2.0-S0165587619306056
15,85077013802,Experimental and computational analysis of vertical jet fires of methane in normal and sub-atmospheric pressures,Fuel,00162361,,,265,,2020-04-01,10.1016/j.fuel.2019.116878,22,"[{'name': 'Universidad de las Américas Puebla', 'city': 'Cholula', 'country': 'Mexico'}, {'name': 'University of Science and Technology of China', 'city': 'Hefei', 'country': 'China'}, {'name': 'Universitat Politécnica de Catalunya', 'city': 'Barcelona', 'country': 'Spain'}]",Journal,Article,"['56540017900', '24721430400', '15063425200', '57223663157', '6701795729', '55623030600', '57196048567']",https://api.elsevier.com/content/article/eid/1-s2.0-S0016236119322422
16,85081315113,ZNE codes: getting there with performance trade-offs,Energy Efficiency,1570646X,,15706478,13,523-535,2020-03-01,10.1007/s12053-019-09785-z,2,"[{'name': 'Pacific Gas and Electric Company', 'city': 'San Francisco', 'country': 'United States'}, {'name': '2050 Partners', 'city': 'Orinda', 'country': 'United States'}, {'name': 'NORESCO', 'city': 'San Francisco', 'country': 'United States'}]",Journal,Article,"['57215596929', '57215610137', '7004387741', '57215597168', '57215600546', '6507759626']",
17,85075899410,Volcanic glass leaching and the groundwater geochemistry on the semi-arid Atlantic island of Porto Santo,Applied Geochemistry,08832927,,18729134,114,,2020-03-01,10.1016/j.apgeochem.2019.104470,4,"[{'name': 'Universidade de Aveiro', 'city': 'Aveiro', 'country': 'Portugal'}, {'name': 'Geological Survey of Denmark and Greenland', 'city': 'Copenhagen', 'country': 'Denmark'}, {'name': 'Instituto Superior Técnico', 'city': 'Lisbon', 'country': 'Portugal'}, {'name': 'Madeira Rochas', 'city': 'Funchal', 'country': 'Portugal'}]",Journal,Article,"['6507095668', '57212085603', '57674935100', '7101785351']",https://api.elsevier.com/content/article/eid/1-s2.0-S088329271930277X
18,85147466506,GUIDELINES FOR CONDUCTING FORENSIC MEDICAL EXAMINATION IN CASES OF ALCOHOL POISONING,Russian Journal of Forensic Medicine,24118729,,24094161,6,51-59,2020-01-01,10.19048/2411-8729-2020-6-1-51-59,1,"[{'name': 'Moscow Regional Research and Clinical Institute', 'city': 'Moscow', 'country': 'Russian Federation'}, {'name': 'Bureau of Forensic Medical Expertise of Moscow Region', 'city': 'Moscow', 'country': 'Russian Federation'}]",Journal,Article,"['6701396885', '57574424900', '58092634300', '58092372800', '58092423000', '57218949777', '57193308331', '58068217000', '58092323200', '58092475200', '57581062400']",
19,85099785657,Reliability-based assessment of safe excavation pressure for dented pipelines,"Proceedings of the Biennial International Pipeline Conference, IPC",,"[{'@_fa': 'true', '$': '9780791884447'}]",,1,,2020-01-01,10.1115/IPC2020-9399,4,"[{'name': 'Enbridge Inc.', 'city': 'Calgary', 'country': 'Canada'}]",Conference Proceeding,Conference Paper,"['57196009673', '57192093088', '58348363200', '6506316084', '55634835900']",
20,85098202466,Assessing perceptual and recommendation mutation of adversarially-poisoned visual recommenders,CEUR Workshop Proceedings,16130073,,,2776,49-56,2020-01-01,,5,"[{'name': 'Politecnico di Bari', 'city': 'Bari', 'country': 'Italy'}]",Conference Proceeding,Conference Paper,"['57078657900', '6508366184', '57218161605', '57211339566']",
21,85097820116,"19th International Conference on Software and Systems Reuse, ICSR 2020",Lecture Notes in Computer Science (including subseries Lecture Notes in Artificial Intelligence and Lecture Notes in Bioinformatics),03029743,"[{'@_fa': 'true', '$': '9783030646936'}]",16113349,12541 LNCS,,2020-01-01,,0,,Book Series,Conference Review,[],
22,85096581086,Outdoor ventilation and ground coverage: Exploring a climate centric approach to building byelaws for multi storied apartments in Bhubaneswar,Journal of Sustainable Architecture and Civil Engineering,20299990,,23352000,27,78-95,2020-01-01,10.5755/j01.sace.26.2.26853,1,"[{'name': 'Birla Institute of Technology, Mesra', 'city': 'Ranchi', 'country': 'India'}, {'name': 'University of Mysore', 'city': 'Mysore', 'country': 'India'}]",Journal,Article,"['57191905801', '56644142200']",
23,85092711716,"ON THE USE OF ICD-10 REGULATIONS IN POSTMORTEM DIAGNOSIS, CODING AND SELECTION OF THE PRIMARY CAUSE OF DEATH IN COVID-19-RELATED TRAUMA AND DISEASES<sup>2</sup>",Russian Journal of Forensic Medicine,24118729,,24094161,6,4-7,2020-01-01,10.19048/2411-8729-2020-6-2-4-7,1,"[{'name': 'Federal Research Institute for Health Organization and Informatics of Ministry of Health of the Russian Federation', 'city': 'Moscow', 'country': 'Russian Federation'}, {'name': 'Ministry of Health of Russian Federation', 'city': 'Moscow', 'country': 'Russian Federation'}]",Journal,Article,"['56524996100', '57200246583']",
24,85091570772,When classroom interactions matter: Student identity (re)construction,International Journal of Language Studies,21574898,,21574901,14,157-176,2020-01-01,,1,"[{'name': 'Universitas Islam Negeri Maulana Malik Ibrahim Malang', 'city': 'Malang', 'country': 'Indonesia'}]",Journal,Article,['57217143047'],
0,85081682404,Automated procedural compliance drives real time drilling optimization,"SPE/IADC Drilling Conference, Proceedings",,"[{'@_fa': 'true', '$': '9781613996874'}]",,2020-March,,2020-01-01,,6,,Conference Proceeding,Conference Paper,"['36198130800', '57170612400', '57215689849', '55408877100']",
1,85076728579,Potential Issues Faced on Reservoir-Triggered Earthquakes in Malaysia,Water Resources Development and Management,1614810X,,2198316X,,158-166,2020-01-01,10.1007/978-981-15-1971-0_16,0,"[{'name': 'SEGi University', 'city': 'Petaling Jaya', 'country': 'Malaysia'}, {'name': 'Swinburne University of Technology Sarawak Campus', 'city': 'Kuching', 'country': 'Malaysia'}, {'name': 'Swinburne University of Technology', 'city': 'Hawthorn', 'country': 'Australia'}, {'name': 'University of Melbourne', 'city': 'Melbourne', 'country': 'Australia'}, {'name': 'Chair of the IEM Earthquake Committee', 'city': 'Petaling Jaya', 'country': 'Malaysia'}, {'name': 'IEM Earthquake Committee International Advisory Group', 'city': 'Petaling Jaya', 'country': 'Malaysia'}]",Book Series,Book Chapter,"['57035295900', '57193923746', '10145057100', '7101750717']",
2,85074655681,Current sodium intakes in the United States and the modelling of glutamate’s incorporation into select savory products,Nutrients,,,20726643,11,,2019-11-01,10.3390/nu11112691,13,"[{'name': 'College of Health and Human Sciences', 'city': 'West Lafayette', 'country': 'United States'}, {'name': 'George Mason University', 'city': 'Fairfax', 'country': 'United States'}, {'name': 'Think Healthy Group, Inc', 'city': 'Washington, D.C.', 'country': 'United States'}]",Journal,Article,"['54936019200', '57200369446', '7402651608']",
3,85071621097,Asthma and anaphylaxis,Current Opinion in Allergy and Clinical Immunology,15284050,,14736322,19,447-455,2019-10-01,10.1097/ACI.0000000000000566,16,"[{'name': 'Azienda Ospedaliera Universitaria Integrata Verona', 'city': 'Verona', 'country': 'Italy'}, {'name': 'Università degli Studi di Verona', 'city': 'Verona', 'country': 'Italy'}, {'name': 'Hopital Arnaud de Villeneuve', 'city': 'Montpellier', 'country': 'France'}, {'name': 'Mayo Clinic in Jacksonville, Florida', 'city': 'Jacksonville', 'country': 'United States'}, {'name': 'Sorbonne Université', 'city': 'Paris', 'country': 'France'}, {'name': 'Università di Verona Scuola di Medicina e Chirurgia', 'city': 'Verona', 'country': 'Italy'}, {'name': 'WHO Collaborating Centre on Scientific Classification Support', 'city': 'Montpellier', 'country': 'France'}]",Journal,Review,"['35575132500', '36988534800', '57210835394', '55203343700']",
4,85065810117,Rate of correction of hypernatremia and health outcomes in critically ill patients,Clinical Journal of the American Society of Nephrology,15559041,,1555905X,14,656-663,2019-05-07,10.2215/CJN.10640918,49,"[{'name': 'Icahn School of Medicine at Mount Sinai', 'city': 'New York', 'country': 'United States'}, {'name': 'Division of Nephrology', 'city': 'Richmond', 'country': 'United States'}]",Journal,Article,"['57192817677', '53868204800', '57145950900', '57208789472', '57061657700', '57214346757', '57205064281', '23029157200', '57192806597', '36237038500', '7006468087']",
5,85060887094,Wind Turbine Tower Failure Modes under Seismic and Wind Loads,Journal of Performance of Constructed Facilities,08873828,,,33,,2019-04-01,10.1061/(ASCE)CF.1943-5509.0001279,39,"[{'name': 'State Key Laboratory of Disaster Reduction in Civil Engineering', 'city': 'Shanghai', 'country': 'China'}, {'name': 'City, University of London', 'city': 'London', 'country': 'United Kingdom'}, {'name': 'Sichuan University', 'city': 'Chengdu', 'country': 'China'}, {'name': 'Western University', 'city': 'London', 'country': 'Canada'}]",Journal,Article,"['57195153724', '55212137500', '55214389700', '7801424191', '57195151359']",
6,85063396816,Guideline Implementation in Standardized Office Workflows and Exam Types,Journal of Primary Care and Community Health,21501319,,21501327,10,,2019-03-01,10.1177/2150132719836898,1,"[{'name': 'University of Liverpool', 'city': 'Liverpool', 'country': 'United Kingdom'}, {'name': 'Fort Wayne Medical Education Program', 'city': 'Fort Wayne', 'country': 'United States'}]",Journal,Article,"['57201617115', '36974434900', '6506474452']",
7,85061711342,SlicE: Scalable linear extreme classifiers trained on 100 million labels for related searches,WSDM 2019 - Proceedings of the 12th ACM International Conference on Web Search and Data Mining,,"[{'@_fa': 'true', '$': '9781450359405'}]",,,528-536,2019-01-30,10.1145/3289600.3290979,88,"[{'name': 'Indian Institute of Technology Delhi', 'city': 'New Delhi', 'country': 'India'}, {'name': 'Microsoft Research', 'city': 'Redmond', 'country': 'United States'}]",Conference Proceeding,Conference Paper,"['57197553406', '57610614400', '57208940153', '24823171100']",
8,85139327109,REGULATIONS AND THEIR EFFECTIVENESS,The Psychology of Food Marketing and (Over)Eating,,"[{'@_fa': 'true', '$': '9781000517668'}, {'@_fa': 'true', '$': '9780367223144'}]",,,60-75,2019-01-01,10.4324/9780429274404-5,0,,Book,Book Chapter,['15769422900'],
9,85075245481,An Efficient Architectural Framework for Non-obtrusive and Instantaneous Real-Time Identification of Clones During the Software Development Process in IDE,Communications in Computer and Information Science,18650929,"[{'@_fa': 'true', '$': '9789811501104'}]",18650937,1076,397-405,2019-01-01,10.1007/978-981-15-0111-1_35,1,"[{'name': 'Guru Nanak Dev University', 'city': 'Amritsar', 'country': 'India'}]",Book Series,Conference Paper,"['57204894439', '58376239500']",
10,85063210650,The Recommendation and Use of Extracorporeal Membrane Oxygenation (ECMO) in Cases Reported to the California Poison Control System,Journal of Medical Toxicology,15569039,,19376995,,,2019-01-01,10.1007/s13181-019-00704-3,20,"[{'name': 'University of California, San Francisco', 'city': 'San Francisco', 'country': 'United States'}, {'name': 'University of California, Davis', 'city': 'Davis', 'country': 'United States'}, {'name': 'Sacramento Division', 'city': 'Sacramento', 'country': 'United States'}]",Journal,Article,"['55484010900', '57212894085', '57207911580', '7004446309']",
11,85058536394,Understanding disaster risk: The role of science and technology,Journal of Disaster Research,18812473,,18838030,13,1168-1176,2018-12-01,10.20965/jdr.2018.p1168,11,"[{'name': 'Universidad Nacional Autónoma de México', 'city': 'Mexico', 'country': 'Mexico'}, {'name': 'National Oceanic and Atmospheric Administration', 'city': 'Washington, D.C.', 'country': 'United States'}, {'name': 'The University of Tokyo', 'city': 'Tokyo', 'country': 'Japan'}]",Journal,Article,"['55681508700', '55224391200', '6603189701']",
12,85057333149,Food-induced fatal anaphylaxis: From epidemiological data to general prevention strategies,Clinical and Experimental Allergy,09547894,,13652222,48,1584-1593,2018-12-01,10.1111/cea.13287,103,"[{'name': 'Université de Lille', 'city': 'Lille', 'country': 'France'}, {'name': 'Centre Hospitalier Universitaire de Montpellier', 'city': 'Montpellier', 'country': 'France'}, {'name': 'Charité – Universitätsmedizin Berlin', 'city': 'Berlin', 'country': 'Germany'}, {'name': 'Centre Hospitalier Régional Metz-Thionville', 'city': 'Thionville', 'country': 'France'}, {'name': 'The University of Sydney', 'city': 'Sydney', 'country': 'Australia'}, {'name': 'CHU de Nancy', 'city': 'Nancy', 'country': 'France'}, {'name': 'Imperial College London', 'city': 'London', 'country': 'United Kingdom'}, {'name': ""Hospital Universitari Vall d'Hebron"", 'city': 'Barcelona', 'country': 'Spain'}, {'name': 'Hospital Sirio-Libanês', 'city': 'Bela Vista', 'country': 'Brazil'}, {'name': 'Sorbonne Université', 'city': 'Paris', 'country': 'France'}, {'name': 'Spanish Allergy Research Network ARADyal', 'city': 'Madrid', 'country': 'Spain'}, {'name': ""Children's Hospital"", 'city': 'Roubaix', 'country': 'France'}, {'name': 'Allergy Vigilance Network', 'city': 'Vandoeouvre-les-Nancy', 'country': 'France'}]",Journal,Review,"['55921069600', '57203338056', '34573859300', '18133374200', '7004402827', '7003612169', '7004909265', '7103273891', '35575132500']",
13,85120110858,Casts and Costs: Harmonizing safety and performance in gradual typing,Proceedings of the ACM on Programming Languages,,,24751421,2,,2018-09-01,10.1145/3236793,9,"[{'name': 'University of Louisiana at Lafayette', 'city': 'Lafayette', 'country': 'United States'}, {'name': 'Oregon State University', 'city': 'Corvallis', 'country': 'United States'}]",Journal,Article,"['57210108762', '53363184100', '25822808600']",
14,85053853377,Recommendation of ICD-10 codes for surveillance of adverse drug reactions and drug intoxication,Ciencia e Saude Coletiva,14138123,,16784561,23,3041-3054,2018-09-01,10.1590/1413-81232018239.20692016,3,"[{'name': 'Universidade Federal do Rio Grande do Sul', 'city': 'Porto Alegre', 'country': 'Brazil'}]",Journal,Article,"['57190997742', '6602271369', '23393217900']",
15,85046716615,The role of institutional investors in enacting stewardship by corporate boards,Corporate Governance (Bingley),14720701,,,18,728-747,2018-07-27,10.1108/CG-09-2017-0210,11,"[{'name': 'Erasmus School of Law', 'city': 'Rotterdam', 'country': 'Netherlands'}, {'name': 'Nyenrode Business University', 'city': 'Breukelen', 'country': 'Netherlands'}]",Journal,Article,"['57202008623', '6602742790']",
16,85062873700,Compared with what? Estimating the effects of injury prevention policies using the synthetic control method,Injury prevention : journal of the International Society for Child and Adolescent Injury Prevention,,,14755785,24,i60-i66,2018-06-01,10.1136/injuryprev-2017-042360,12,,Journal,Article,['56340631100'],
17,85048535843,Ensuring resource trust and integrity in web browsers using blockchain technology,Lecture Notes in Business Information Processing,18651348,"[{'@_fa': 'true', '$': '9783319928975'}]",,316,115-125,2018-01-01,10.1007/978-3-319-92898-2_9,3,"[{'name': 'Georg-August-Universität Göttingen', 'city': 'Gottingen', 'country': 'Germany'}, {'name': 'Universität Rostock', 'city': 'Rostock', 'country': 'Germany'}]",Book Series,Conference Paper,"['6603657241', '57191503061']",
18,85041050641,The 2016 SAMREC code,Journal of the Southern African Institute of Mining and Metallurgy,22256253,,,117,1095-1100,2017-12-01,10.17159/2411-9717/2017/v117n12a1,4,"[{'name': 'University of Johannesburg', 'city': 'Johannesburg', 'country': 'South Africa'}, {'name': 'Coffey Mining Ptv Ltd', 'city': None, 'country': 'South Africa'}]",Journal,Conference Paper,"['6506640763', '6701366997']",
19,85021352832,EGFR T790M ctDNA testing platforms and their role as companion diagnostics: Correlation with clinical outcomes to EGFR-TKIs,Cancer Letters,03043835,,18727980,403,186-194,2017-09-10,10.1016/j.canlet.2017.06.008,24,"[{'name': 'Hubei Cancer Hospital', 'city': 'Wuhan', 'country': 'China'}, {'name': 'Tangdu Hospital, Fourth Military Medical University', 'city': ""Xi'an"", 'country': 'China'}, {'name': 'Jilin Provincial Cancer Hospital', 'city': 'Changchun', 'country': 'China'}, {'name': 'West China School of Medicine/West China Hospital of Sichuan University', 'city': 'Chengdu', 'country': 'China'}, {'name': 'Cancer Institute &amp;\xa0Hospital, Chinese\xa0Academy of Medical Sciences &amp; Peking Union Medical College', 'city': 'Beijing', 'country': 'China'}, {'name': 'Guangdong Provincial People’s Hospital of Southern Medical University', 'city': 'Guangzhou', 'country': 'China'}, {'name': 'Peking Union Medical College Hospital', 'city': 'Beijing', 'country': 'China'}, {'name': 'Tongji Medical College of Huazhong University of Science and Technology', 'city': 'Wuhan', 'country': 'China'}]",Journal,Review,"['35290801200', '57213306753', '35268080400', '56083289700', '55723555200', '55549799200', '7701310371', '16647819100', '57219162457', '12645439800', '7409200414', '55907845000', '55569782000']",https://api.elsevier.com/content/article/eid/1-s2.0-S0304383517303890
20,85050971707,Smartphones usage in information retrieval under multichannel settings: An assessment of technological triggers,"2017 International Conference on Information and Communication Technologies, ICICT 2017",,"[{'@_fa': 'true', '$': '9781538621868'}]",,2017-December,185-189,2017-07-02,10.1109/ICICT.2017.8320187,0,"[{'name': 'National University of Sciences and Technology Pakistan', 'city': 'Islamabad', 'country': 'Pakistan'}]",Conference Proceeding,Conference Paper,['57213314247'],
21,85032575756,Machine GTAW ambient temperature temper bead technique for Ni-based weld overlay repairs of nuclear components - Assessment of hydrogen cracking by implant test,"International Conference on Nuclear Engineering, Proceedings, ICONE",,"[{'@_fa': 'true', '$': '9784888982566'}]",,1,,2017-01-01,10.1115/ICONE25-67160,0,"[{'name': 'The Welding Institute, Cambridge', 'city': 'Cambridge', 'country': 'United Kingdom'}]",Conference Proceeding,Conference Paper,"['23667203100', '57196298777']",
22,85029937715,Mitigating ground shaking construction activities in coastal cities of Nigeria: An earthquake preventive measure,"Earthquakes: Monitoring Technology, Disaster Management and Impact Assessment",,"[{'@_fa': 'true', '$': '9781536103564'}, {'@_fa': 'true', '$': '9781536103427'}]",,,71-100,2017-01-01,,3,"[{'name': 'Covenant University', 'city': 'Ota', 'country': 'Nigeria'}]",Book,Book Chapter,"['56803814200', '56915976400', '57196394973', '56488052500']",
23,85020734755,Analysis of Bridge Foundation Damage in Albania,Procedia Engineering,,,18777058,189,275-282,2017-01-01,10.1016/j.proeng.2017.05.045,2,"[{'name': 'POLIS University', 'city': 'Tirana', 'country': 'Albania'}]",Conference Proceeding,Conference Paper,"['57194544277', '16314828500']",https://api.elsevier.com/content/article/eid/1-s2.0-S1877705817321690
24,84986331466,Using smartphones for information retrieval in omnichannel scenarios—Assessing the effectiveness of technological triggers,Advances in Intelligent Systems and Computing,21945357,"[{'@_fa': 'true', '$': '9783319419466'}]",,494,151-159,2017-01-01,10.1007/978-3-319-41947-3_15,5,"[{'name': 'Technische Hochschule Lübeck', 'city': 'Lubeck', 'country': 'Germany'}, {'name': 'Friedrich-Alexander-Universität Erlangen-Nürnberg', 'city': 'Erlangen', 'country': 'Germany'}]",Book Series,Conference Paper,"['55515710600', '56938757200', '6603957531']",
0,84994342392,Analysis of Gastric Lavage Reported to a Statewide Poison Control System,Journal of Emergency Medicine,07364679,,,51,394-400,2016-10-01,10.1016/j.jemermed.2016.05.050,8,"[{'name': 'University of California, San Francisco', 'city': 'San Francisco', 'country': 'United States'}]",Journal,Article,"['16063430100', '36995830500', '57191858009', '13610532700']",https://api.elsevier.com/content/article/eid/1-s2.0-S0736467916302414
1,85027513452,Trend of Decreased Length of Stay in the Intensive Care Unit (ICU) and in the Hospital with Palliative Care Integration into the ICU,The Permanente journal,,,15525775,20,56-61,2016-09-01,10.7812/TPP/16-036,20,"[{'name': 'Palliative Care and Internal Medicine Physician at the Moanalua Medical Center in Honolulu', 'city': None, 'country': 'United States'}]",Journal,Article,"['57195372289', '34973886800', '57195365465', '57195368221']",
2,84978052454,Multi-criteria code refactoring using search-based software engineering: An industrial case study,ACM Transactions on Software Engineering and Methodology,1049331X,,15577392,25,,2016-05-01,10.1145/2932631,108,"[{'name': 'Michigan State University', 'city': 'East Lansing', 'country': 'United States'}, {'name': 'Osaka University', 'city': 'Suita', 'country': 'Japan'}, {'name': 'University of Montreal', 'city': 'Montreal', 'country': 'Canada'}, {'name': 'University of Michigan-Dearborn', 'city': 'Dearborn', 'country': 'United States'}]",Journal,Article,"['50761492200', '25653537200', '57196894039', '7601540520', '7006019904']",
3,85016459568,Security in space: Challenges to international cooperation and options for moving forward,"Proceedings of the International Astronautical Congress, IAC",00741795,,,0,,2016-01-01,,1,"[{'name': 'Institute for Security Studies of Western European Union', 'city': 'Paris', 'country': 'France'}, {'name': 'EURISC Foundation', 'city': 'Bucharest', 'country': 'Romania'}]",Conference Proceeding,Conference Paper,"['56287066100', '56628746000', '56659361600']",
4,85002271205,"Evaluation of structural intervention in the Quartel das Esquadras, Almeida (Portugal)","Structural Analysis of Historical Constructions: Anamnesis, diagnosis, therapy, controls - Proceedings of the 10th International Conference on Structural Analysis of Historical Constructions, SAHC 2016",,"[{'@_fa': 'true', '$': '9781138029514'}]",,,1664-1671,2016-01-01,,0,"[{'name': 'Institute for Sustainability and Innovation in Structural Engineering', 'city': 'Coimbra', 'country': 'Portugal'}, {'name': 'Universidade do Minho', 'city': 'Braga', 'country': 'Portugal'}, {'name': 'Old Structures Engineering PC', 'city': None, 'country': 'United States'}]",Conference Proceeding,Conference Paper,"['7202179975', '57192255128', '55747115200', '7004615647']",
5,84983783295,PIANC Guidelines: Oil and Petrochemical Terminal Design,Ports 2016: Port Planning and Development - Papers from Sessions of the 14th Triennial International Conference,,"[{'@_fa': 'true', '$': '9780784479919'}]",,,81-90,2016-01-01,10.1061/9780784479919.009,0,"[{'name': 'Moffatt &amp; Nichol Engineers', 'city': 'Long Beach', 'country': 'United States'}, {'name': 'Simpson Gumpertz and Heger, Inc.', 'city': 'Waltham', 'country': 'United States'}, {'name': 'Exxon Mobil Corporation', 'city': 'Irving', 'country': 'United States'}]",Conference Proceeding,Conference Paper,"['55884333300', '55924684000', '57204978668', '7405720509', '36185251500']",
6,85026574063,Race and rehabilitation following spinal cord injury: equality of access for American Indians/Alaska Natives compared to other racial groups,Injury Epidemiology,,,21971714,2,1-10,2015-12-01,10.1186/s40621-015-0049-0,3,"[{'name': 'Chandler Regional Medical Center', 'city': 'Chandler', 'country': 'United States'}]",Journal,Article,"['11141503600', '57196494665', '55430543500', '57202121963', '57188991871', '14018251800']",
7,84937597407,"European Code against Cancer 4th Edition: Obesity, body fatness and cancer",Cancer Epidemiology,18777821,,1877783X,39,S34-S45,2015-12-01,10.1016/j.canep.2015.01.017,98,"[{'name': 'WCRF International', 'city': 'London', 'country': 'United Kingdom'}, {'name': 'University of Dundee School of Medicine', 'city': 'Dundee', 'country': 'United Kingdom'}, {'name': 'Universität Regensburg', 'city': 'Regensburg', 'country': 'Germany'}, {'name': 'Institut de Cancerologie Gustave Roussy', 'city': 'Villejuif', 'country': 'France'}, {'name': 'Centre international de Recherche sur le Cancer', 'city': 'Lyon', 'country': 'France'}, {'name': 'Imperial College London', 'city': 'London', 'country': 'United Kingdom'}, {'name': ""L'Organisation de Coopération et de Développement Economiques"", 'city': 'Paris', 'country': 'France'}, {'name': 'The Sheffield Medical School', 'city': 'Sheffield', 'country': 'United Kingdom'}, {'name': 'Fondazione IRCCS Istituto Nazionale dei Tumori, Milan', 'city': 'Milan', 'country': 'Italy'}, {'name': 'University of Oxford Medical Sciences Division', 'city': 'Oxford', 'country': 'United Kingdom'}]",Journal,Article,"['7403369420', '7102740999', '6603753669', '36659897300', '37025736100', '7102673878', '7003878660', '56619033600', '7004664088', '7006130182', '7006681495', '7006918513']",https://api.elsevier.com/content/article/eid/1-s2.0-S1877782115000715
8,84962708036,On the use of time series and search based software engineering for refactoring recommendation,"7th International ACM Conference on Management of Computational and CollEctive Intelligence in Digital EcoSystems, MEDES 2015",,"[{'@_fa': 'true', '$': '9781450334808'}]",,,35-42,2015-10-25,10.1145/2857218.2857224,12,"[{'name': 'University of Michigan-Dearborn', 'city': 'Dearborn', 'country': 'United States'}]",Conference Proceeding,Conference Paper,"['57188742982', '25653537200', '7004119740', '57188742927']",
9,84939506167,"It's not just the joints, it's the whole thing: Qualitative analysis of patients' experience of flare in psoriatic arthritis",Rheumatology (United Kingdom),14620324,,14620332,54,1448-1453,2015-05-05,10.1093/rheumatology/kev009,31,"[{'name': 'University of Leeds, School of Medicine', 'city': 'Leeds', 'country': 'United Kingdom'}, {'name': 'University of Leeds', 'city': 'Leeds', 'country': 'United Kingdom'}]",Journal,Article,"['55625785200', '56598084400', '20334539100']",
10,84940376235,Supporting interoperability of genetic data with LOINC,Journal of the American Medical Informatics Association,10675027,,1527974X,22,621-627,2015-05-01,10.1093/jamia/ocu012,23,"[{'name': 'Indiana University School of Medicine', 'city': 'Indianapolis', 'country': 'United States'}, {'name': 'Regenstrief Institute Inc', 'city': 'Indianapolis', 'country': 'United States'}, {'name': 'National Library of Medicine (NLM)', 'city': 'Bethesda', 'country': 'United States'}]",Journal,Article,"['56955716100', '7401519782', '12779832900']",
11,84923226321,Active stateful PCE with hitless LDPC code adaptation [Invited],Journal of Optical Communications and Networking,19430620,,,7,A268-A276,2015-02-01,10.1364/JOCN.7.00A268,15,"[{'name': 'Consorzio Nazionale Interuniversitario per le Telecomunicazioni', 'city': 'Parma', 'country': 'Italy'}, {'name': ""Sant'Anna Scuola Universitaria Superiore Pisa"", 'city': 'Pisa', 'country': 'Italy'}]",Journal,Article,"['14031056700', '15053043700', '7004926285', '9636142000', '23036860800', '9274246300', '14119367700', '6603958190', '6604005772']",
12,84957990499,Beneficial uses and misuses of the California historical building code,Improving the Seismic Performance of Existing Buildings and other Structures 2015 - Proceedings of the 2nd ATC and SEI Conference on Improving the Seismic Performance of Existing Buildings and Other Structures,,"[{'@_fa': 'true', '$': '9780784479728'}]",,,198-207,2015-01-01,10.1061/9780784479728.017,0,"[{'name': 'Wiss, Janney, Elstner Associates, Inc.', 'city': 'Northbrook', 'country': 'United States'}]",Conference Proceeding,Conference Paper,"['6506298743', '35791558300', '57206702332']",
13,84945902620,"8th International Conference on Brain Informatics and Health, BIH 2015",Lecture Notes in Computer Science (including subseries Lecture Notes in Artificial Intelligence and Lecture Notes in Bioinformatics),03029743,"[{'@_fa': 'true', '$': '9783319233437'}]",16113349,9250,1-456,2015-01-01,,0,,Book Series,Conference Review,[],
14,84937425189,Does trigger location matter? The influence of localization and motivation on the persuasiveness of mobile purchase recommendations,Lecture Notes in Computer Science (including subseries Lecture Notes in Artificial Intelligence and Lecture Notes in Bioinformatics),03029743,"[{'@_fa': 'true', '$': '9783319203058'}]",16113349,9072,121-132,2015-01-01,10.1007/978-3-319-20306-5_11,7,"[{'name': 'Technische Universiteit Eindhoven', 'city': 'Eindhoven', 'country': 'Netherlands'}, {'name': 'Università degli Studi di Padova', 'city': 'Padua', 'country': 'Italy'}]",Book Series,Conference Paper,"['56728732300', '23485318400', '6602719008', '6603650210', '6506869480']",
15,84897668937,An evaluation of modification attacks on programmable logic controllers,International Journal of Critical Infrastructure Protection,18745482,,,7,61-68,2014-03-01,10.1016/j.ijcip.2014.01.004,40,"[{'name': 'Air Force Institute of Technology', 'city': 'Dayton', 'country': 'United States'}]",Journal,Article,"['56100618900', '7006629005', '56100074900']",https://api.elsevier.com/content/article/eid/1-s2.0-S1874548214000055
16,84949566963,ncPred: ncRNA-disease association prediction through tripartite network-based inference,Frontiers in Bioengineering and Biotechnology,,,22964185,2,,2014-01-01,10.3389/fbioe.2014.00071,50,"[{'name': 'Università degli Studi di Catania', 'city': 'Catania', 'country': 'Italy'}, {'name': 'Università degli Studi di Catania, Scuola di Medicina', 'city': 'Catania', 'country': 'Italy'}]",Journal,Article,"['55809550300', '6506371678', '34977484800']",
17,84937686403,Energy efficient code optimization in mobile environment,"INTELEC, International Telecommunications Energy Conference (Proceedings)",02750473,"[{'@_fa': 'true', '$': '9781479931057'}]",,2014-January,,2014-01-01,10.1109/intlec.2014.6972195,1,"[{'name': 'Budapest University of Technology and Economics', 'city': 'Budapest', 'country': 'Hungary'}]",Conference Proceeding,Conference Paper,"['55247654900', '56733087400', '17433782200']",
18,84906811017,Drug overdose surveillance using hospital discharge data,Public Health Reports,00333549,,14682877,129,437-445,2014-01-01,10.1177/003335491412900507,25,"[{'name': 'University of Kentucky College of Pharmacy', 'city': 'Lexington', 'country': 'United States'}, {'name': 'University of Kentucky', 'city': 'Lexington', 'country': 'United States'}, {'name': 'College of Public Health', 'city': 'Lexington', 'country': 'United States'}]",Journal,Article,"['15124959200', '57203627144', '7005292585']",
19,84905978259,Neutron shielding and activation of the MASTU device and surrounds,Fusion Engineering and Design,09203796,,,89,2076-2082,2014-01-01,10.1016/j.fusengdes.2014.02.035,2,"[{'name': 'Culham Centre for Fusion Energy', 'city': 'Abingdon', 'country': 'United Kingdom'}, {'name': 'University of Wisconsin-Madison', 'city': 'Madison', 'country': 'United States'}]",Journal,Article,"['57193431603', '55019563100', '57206643753', '56391449400']",https://api.elsevier.com/content/article/eid/1-s2.0-S0920379614001197
20,84905907398,A programming interface and platform support for developing recommendation algorithms on large-scale social networks,Lecture Notes in Computer Science (including subseries Lecture Notes in Artificial Intelligence and Lecture Notes in Bioinformatics),03029743,"[{'@_fa': 'true', '$': '9783319101651'}]",16113349,8658 LNCS,67-74,2014-01-01,10.1007/978-3-319-10166-8_6,1,"[{'name': 'Universidad Nacional del Centro de la Provincia de Buenos Aires', 'city': 'Tandil', 'country': 'Argentina'}]",Book Series,Conference Paper,"['55531383600', '8685199300', '24171844000', '8688799600', '7005815424']",
21,84904515868,Environmental risks and children's health: What can PRAMS tell us,Maternal and Child Health Journal,10927875,,15736628,18,1155-1168,2014-01-01,10.1007/s10995-013-1345-3,1,"[{'name': 'University of Rochester', 'city': 'Rochester', 'country': 'United States'}, {'name': 'SUNY Brockport', 'city': 'Brockport', 'country': 'United States'}]",Journal,Article,"['6603058837', '55349235100', '55819848900', '55819816400', '6701566693']",
22,84901935406,Mind the gap between recommendation and implementation - Principles and lessons in the aftermath of incident investigations: A semi-quantitative and qualitative study of factors leading to the successful implementation of recommendations,BMJ Open,,,20446055,4,,2014-01-01,10.1136/bmjopen-2014-005326,16,"[{'name': 'Lund University Centre for Risk Assessment and Management', 'city': 'Lund', 'country': 'Sweden'}, {'name': 'Lunds Universitet', 'city': 'Lund', 'country': 'Sweden'}, {'name': 'Skånes Universitetssjukhus', 'city': 'Lund', 'country': 'Sweden'}]",Journal,Article,"['56195798100', '56553323100', '7004873031']",
23,84884265825,Philadelphia's lead court is making a difference,"Journal of Health Politics, Policy and Law",03616878,,15271927,38,709-733,2013-09-23,10.1215/03616878-2208585,2,"[{'name': 'Drexel University', 'city': 'Philadelphia', 'country': 'United States'}, {'name': 'University of Pennsylvania', 'city': 'Philadelphia', 'country': 'United States'}, {'name': 'Community Legal Services, Inc.', 'city': 'Philadelphia', 'country': 'United States'}]",Journal,Article,"['7403368381', '7004341648', '8096279400', '55765106100', '56881368400', '55765473000']",
24,84933513001,The protocol for a randomised controlled trial comparing intermittent and graded exercise to usual care for chronic fatigue syndrome patients,"BMC Sports Science, Medicine and Rehabilitation",,,20521847,5,,2013-08-30,10.1186/2052-1847-5-16,5,"[{'name': 'Southern Cross University', 'city': 'Lismore', 'country': 'Australia'}]",Journal,Article,"['14630013400', '14017698200']",
0,84880391552,Dietary and genetic manipulations of folate metabolism differentially affect neocortical functions in mice,Neurotoxicology and Teratology,08920362,,18729738,38,79-91,2013-07-01,10.1016/j.ntt.2013.05.002,6,"[{'name': 'SUNY Upstate Medical University', 'city': 'Syracuse', 'country': 'United States'}, {'name': 'National Institute on Aging (NIA)', 'city': 'Bethesda', 'country': 'United States'}, {'name': 'Cornell University', 'city': 'Ithaca', 'country': 'United States'}]",Journal,Article,"['55553205500', '52263759300', '55188666300', '36436945900', '55796902000', '7005712428', '55400625300', '7004293356', '7003300731', '7004117735']",https://api.elsevier.com/content/article/eid/1-s2.0-S0892036213001311
1,85097406372,"The Tetralogy: Hemorrhage, Hypertension, DVT, Infection. Implementation of a Perinatal Safety Net","JOGNN - Journal of Obstetric, Gynecologic, and Neonatal Nursing",08842175,,15526909,42,S17-S18,2013-06-01,10.1111/1552-6909.12071,0,"[{'name': 'NYU Winthrop Hospital', 'city': 'Mineola', 'country': 'United States'}]",Journal,Article,"['57220118780', '57220114203']",https://api.elsevier.com/content/article/eid/1-s2.0-S0884217515313423
2,84886254345,Children display seven distinct roles when searching online at home,Evidence Based Library and Information Practice,,,1715720X,8,67-69,2013-01-01,10.18438/b8t61n,0,"[{'name': 'California State University, East Bay', 'city': 'Hayward', 'country': 'United States'}]",Journal,Review,['37040094300'],
3,84866654093,Fire induced progressive collapse of steel building structures,Structures Congress 2012 - Proceedings of the 2012 Structures Congress,,"[{'@_fa': 'true', '$': '9780784412367'}]",,,235-245,2012-10-01,10.1061/9780784412367.022,1,"[{'name': 'Bentley Systems, Incorporated', 'city': 'Exton', 'country': 'United States'}, {'name': 'Lyles School of Civil Engineering', 'city': 'West Lafayette', 'country': 'United States'}]",Conference Proceeding,Conference Paper,"['57221679951', '7202667343']",
4,84866652338,Mitigation of impacts on petrochemical projects in areas of high seismic risk,Structures Congress 2012 - Proceedings of the 2012 Structures Congress,,"[{'@_fa': 'true', '$': '9780784412367'}]",,,1413-1422,2012-10-01,10.1061/9780784412367.126,0,"[{'name': 'Fluor Corporation', 'city': 'Irving', 'country': 'United States'}]",Conference Proceeding,Conference Paper,"['6701485547', '39362060800']",
5,84864338106,Bridge construction equipment: An overview of the existing design guidance,Structural Engineering International: Journal of the International Association for Bridge and Structural Engineering (IABSE),10168664,,,22,365-379,2012-08-01,10.2749/101686612X13363869853419,11,"[{'name': 'Laboratório Nacional de Engenharia Civil', 'city': 'Lisbon', 'country': 'Portugal'}, {'name': 'Oxford Brookes University', 'city': 'Oxford', 'country': 'United Kingdom'}]",Journal,Article,"['7401495905', '7006090195', '57193072962']",
6,84886954491,Genetic Variation and Nutrient Metabolism,Present Knowledge in Nutrition: Tenth Edition,,"[{'@_fa': 'true', '$': '9780470959176'}]",,,27-37,2012-06-18,10.1002/9781119946045.ch3,1,"[{'name': 'Harvard T.H. Chan School of Public Health', 'city': 'Boston', 'country': 'United States'}, {'name': 'University of Toronto', 'city': 'Toronto', 'country': 'Canada'}]",Book,Book Chapter,"['35087909400', '6701540724']",
7,80053006719,Interactive computing framework for engineering applications,Journal of Computer Science,15493636,,,7,591-599,2011-09-26,10.3844/jcssp.2011.591.599,8,"[{'name': 'Technische Universität München', 'city': 'Munich', 'country': 'Germany'}]",Journal,Article,"['35169978700', '36196390800', '8894919600', '7005247909']",
8,80052984193,Operational earthquake forecasting: State of knowledge and guidelines for utilization,Annals of Geophysics,15935213,,,54,319-391,2011-09-26,10.4401/ag-5350,337,"[{'name': 'Schmidt Institute of Physics of the Earth of the Russian Academy of Sciences', 'city': 'Moscow', 'country': 'Russian Federation'}, {'name': 'Deutsches GeoForschungsZentrum (GFZ)', 'city': 'Potsdam', 'country': 'Germany'}, {'name': 'University of Southern California', 'city': 'Los Angeles', 'country': 'United States'}, {'name': 'The University of Edinburgh', 'city': 'Edinburgh', 'country': 'United Kingdom'}, {'name': 'Università degli Studi di Napoli Federico II', 'city': 'Naples', 'country': 'Italy'}, {'name': 'National Observatory of Athens', 'city': 'Athens', 'country': 'Greece'}, {'name': 'China Earthquake Administration', 'city': 'Beijing', 'country': 'China'}, {'name': 'Nagoya University', 'city': 'Nagoya', 'country': 'Japan'}, {'name': 'Istituto Nazionale Di Geofisica E Vulcanologia, Rome', 'city': 'Rome', 'country': 'Italy'}, {'name': 'École Normale Supérieure', 'city': 'Paris', 'country': 'France'}]",Journal,Article,"['25955758700', '9336029200', '57190084423', '57207540396', '7005659301', '7003726577', '24458388700', '7006388536', '7202612636', '6701491733']",
9,79958001327,Legionella in drinking water: Outcomes of an exchange of ideas on the prevention of waterborne legionellosis,Bundesgesundheitsblatt - Gesundheitsforschung - Gesundheitsschutz,14369990,,14371588,54,671-679,2011-06-01,10.1007/s00103-011-1288-z,1,"[{'name': 'Umweltbundesamt, Germany', 'city': 'Dessau-Rosslau', 'country': 'Germany'}, {'name': 'Robert Koch Institute', 'city': 'Berlin', 'country': 'Germany'}]",Journal,Article,"['16032488800', '55938020300', '6602737240', '40761324200']",
10,79955794326,Narrative verdicts and their impact on mortality statistics in England and Wales.,Health statistics quarterly / Office for National Statistics,14651645,,,,81-100,2011-03-01,,23,"[{'name': 'Office for National Statistics London', 'city': 'London', 'country': 'United Kingdom'}]",Journal,Article,"['35092632800', '37123620100']",
11,77953641356,Restaurant industry preparedness against intentional food contamination: Results of a South Carolina survey,Journal of Public Health Management and Practice,10784659,,,16,,2010-07-01,10.1097/PHH.0b013e3181c6b676,1,"[{'name': 'The University of Alabama at Birmingham', 'city': 'Birmingham', 'country': 'United States'}, {'name': 'South Carolina Department of Health and Environmental Control', 'city': 'Columbia', 'country': 'United States'}, {'name': 'University of South Carolina', 'city': 'Columbia', 'country': 'United States'}]",Journal,Article,"['6603009045', '9841341700', '16493204700', '36155320500', '36127812200', '7004365077']",
12,78751471144,Report of the special committee on electronic publication,Taxon,00400262,,,59,1853-1862,2010-01-01,10.1002/tax.596016,22,"[{'name': 'Royal Botanic Garden Edinburgh', 'city': 'Edinburgh', 'country': 'United Kingdom'}, {'name': 'Missouri Botanical Garden', 'city': 'St. Louis', 'country': 'United States'}]",Journal,Article,"['39560940700', '6701750437', '7403102631']",
13,77950357252,Comparing lead poisoning risk assessment methods: Census block group characteristics vs. zip codes as predictors,Public Health Reports,00333549,,14682877,125,234-245,2010-01-01,10.1177/003335491012500212,25,"[{'name': 'Michigan State University', 'city': 'East Lansing', 'country': 'United States'}, {'name': 'Yale University', 'city': 'New Haven', 'country': 'United States'}]",Journal,Article,"['6602343552', '6602500367', '7006288604']",
14,77950852383,A comprehensive study of floor acceleration demands in multi-story buildings,Improving the Seismic Performance of Existing Buildings and Other Structures - Proc. 2009 ATC and SEI Conference on Improving the Seismic Performance of Existing Buildings and Other Structures,,"[{'@_fa': 'true', '$': '9780784410844'}]",,,616-626,2009-12-01,10.1061/41084(364)57,26,"[{'name': 'Risk Management Solutions, Inc.', 'city': 'Newark', 'country': 'United States'}, {'name': 'Stanford University', 'city': 'Palo Alto', 'country': 'United States'}]",Conference Proceeding,Conference Paper,"['55647358000', '7004616977']",
15,69349091666,Dynamic response of bridges to moving trains: A study on effects of random track irregularities and bridge skewness,Computers and Structures,00457949,,,87,1233-1252,2009-10-01,10.1016/j.compstruc.2008.12.004,72,"[{'name': 'Iarnród Éireann', 'city': 'Dublin', 'country': 'Ireland'}, {'name': 'University of Galway', 'city': 'Galway', 'country': 'Ireland'}]",Journal,Article,"['58546067100', '7005954309']",https://api.elsevier.com/content/article/eid/1-s2.0-S004579490800271X
16,61849140611,Comparing residual evaluation methods for leak detection on an aircraft fuel system test-rig,Systems Science,01371223,,,34,63-74,2008-12-01,,3,"[{'name': 'Loughborough University', 'city': 'Loughborough', 'country': 'United Kingdom'}]",Journal,Article,"['57193203962', '7402020589', '7401927948']",
17,42449099485,The European herbal medicines directive: Could it have saved the lives of Romeo and Juliet?,Drug Safety,01145916,,,31,416-418,2008-04-25,10.2165/00002018-200831050-00006,28,"[{'name': 'Cardiff University', 'city': 'Cardiff', 'country': 'United Kingdom'}]",Journal,Conference Paper,['57217707028'],
18,34548799692,Intelligent Surface Threat Identification System (ISTIS),IEEE Aerospace Conference Proceedings,1095323X,"[{'@_fa': 'true', '$': '1424405254'}, {'@_fa': 'true', '$': '9781424405251'}]",,,,2007-09-24,10.1109/AERO.2007.353055,2,"[{'name': 'Stottler Henke Associates, Inc.', 'city': 'San Mateo', 'country': 'United States'}]",Conference Proceeding,Conference Paper,"['14016600100', '14015239200', '7402037718']",
19,40349108567,ADaCGH: A parallelized web-based application and R package for the analysis of aCGH data,PLoS ONE,,,19326203,2,,2007-08-15,10.1371/journal.pone.0000737,23,"[{'name': 'Centro Nacional de Investigaciones Oncológicas', 'city': 'Madrid', 'country': 'Spain'}]",Journal,Article,"['6603594977', '16686675000']",
20,34548310315,Zinc and cadmium mobility in a 5-year-old dredged sediment deposit: Experiments and modelling,Journal of Soils and Sediments,14390108,,,7,207-215,2007-08-01,10.1065/jss2007.05.226,24,"[{'name': 'IMT Nord Europe', 'city': ""Villeneuve-d'Ascq"", 'country': 'France'}, {'name': 'Mines Paris - PSL', 'city': 'Paris', 'country': 'France'}, {'name': 'BRGM', 'city': 'Orleans', 'country': 'France'}, {'name': 'Centre National de Recherche sur les Sites et Sols Pollués', 'city': 'Douai', 'country': 'France'}]",Journal,Article,"['24067226000', '7004038341', '20436048700', '20435619300', '6603193590']",
21,33845717908,Prescriptive code requirements for repairs to existing structures,Proceedings of the Structures Congress and Exposition,,,,2006,195,2006-12-28,10.1061/40889(201)195,0,"[{'name': 'Knott Laboratory, LLC', 'city': 'Englewood', 'country': 'United States'}]",Conference Proceeding,Conference Paper,"['15729141300', '6506822832']",
22,33644762838,"The effect of phantom type, beam quality, field size and field position on X-ray scattering simulated using Monte Carlo techniques",British Journal of Radiology,00071285,,,79,130-141,2006-02-01,10.1259/bjr/59998010,4,"[{'name': 'The Royal Marsden NHS Foundation Trust', 'city': 'London', 'country': 'United Kingdom'}, {'name': 'Glan Clwyd Hospital', 'city': 'Rhyl', 'country': 'United Kingdom'}]",Journal,Article,['7003981585'],
23,70350551735,Tattoos and piercing,Revista Argentina de Dermatologia,03252787,,,87,16-26,2006-01-01,,2,"[{'name': 'Hospital General de Niños Pedro de Elizalde', 'city': 'Buenos Aires', 'country': 'Argentina'}, {'name': 'Colegio Médico Distrito III', 'city': None, 'country': 'Argentina'}, {'name': 'UBA', 'city': None, 'country': None}, {'name': 'Unidad Dermatología Pediátrica', 'city': None, 'country': 'Argentina'}]",Journal,Review,['9633044800'],
24,33646560312,Performance analysis of a GNSS receiver under high power satellite and pulsed RF interference conditions,"Proceedings of the 18th International Technical Meeting of the Satellite Division of The Institute of Navigation, ION GNSS 2005",,,,2005,1263-1274,2005-12-01,,0,"[{'name': 'Rockwell Collins', 'city': 'Cedar Rapids', 'country': 'United States'}]",Conference Proceeding,Conference Paper,"['13409916900', '13411288700']",
0,1842482495,Codes of Good Governance Worldwide: What is the Trigger?,Organization Studies,01708406,,,25,415-443,2004-01-01,10.1177/0170840604040669,443,"[{'name': 'Gies College of Business', 'city': 'Champaign', 'country': 'United States'}, {'name': 'Carlson School of Management', 'city': 'Minneapolis', 'country': 'United States'}, {'name': 'University of Minnesota Twin Cities', 'city': 'Minneapolis', 'country': 'United States'}, {'name': 'University of Illinois Urbana-Champaign', 'city': 'Urbana', 'country': 'United States'}]",Journal,Review,"['7005236045', '55943276800']",
1,85012487629,Children in clinical research: A conflict of moral values,American Journal of Bioethics,15265161,,15360075,3,W12-W59,2003-01-01,10.1162/152651603322781639,25,"[{'name': 'Alliance for Human Research Protection', 'city': None, 'country': 'United States'}]",Journal,Article,['57193300956'],
2,0036516078,"Changes in injury mortality by intent and mechanism in Taiwan, 1975-98",Injury Prevention,13538047,,14755785,8,70-73,2002-03-01,10.1136/ip.8.1.70,18,,Journal,Article,['57154845400'],
3,0035060393,"End-of-life decision making by adolescents, parents, and healthcare providers in pediatric oncology: Research to evidence-based practice guidelines",Cancer Nursing,0162220X,,,24,122-134,2001-01-01,10.1097/00002820-200104000-00007,122,"[{'name': ""St. Jude Children's Research Hospital"", 'city': 'Memphis', 'country': 'United States'}, {'name': ""ST JUDE CHILDREN'S RESEARCH HO"", 'city': 'Memphis', 'country': 'United States'}]",Journal,Article,"['7103120962', '7004456145', '7004359586', '6602184908', '7402052816', '6507384627', '55086688900']",
4,0034320136,American Academy of Pediatrics. Committee on Injury and Poison Prevention. Snowmobiling hazards.,Pediatrics,10984275,,,106,1142-1144,2000-11-01,,8,,Journal,Article,[],
5,0033745472,Snowmobiling hazards: Committee on injury and poison prevention,Pediatrics,00314005,,,106,1142-1144,2000-01-01,10.1542/peds.106.5.1142,4,,Journal,Review,"['25952071600', '7005962488', '7103213180', '7003522105', '7202399168', '55520465600', '57191851824', '7005632170', '7202921067', '6602076765', '6602867424', '7004243598', '7003327630', '6603176710', '7102206934', '7006336399', '7006401431', '7004679912', '7003403537']",
6,0033568628,"Influences of urban land use on the frequency of scorpion stings in the Phoenix, Arizona, metropolitan area",Landscape and Urban Planning,01692046,,,45,47-55,1999-09-15,10.1016/S0169-2046(99)00021-3,12,"[{'name': 'Arizona State University', 'city': 'Tempe', 'country': 'United States'}]",Journal,Article,['7103397960'],https://api.elsevier.com/content/article/eid/1-s2.0-S0169204699000213
7,34548520060,New egg safety recommendations added to FDA Food Code.,Journal of the American Veterinary Medical Association,00031488,,,214,1462,1999-05-15,,0,,Journal,Article,[],
8,0033252893,"Is universal screening for lead in children indicated? An analysis of lead results in Augusta, Georgia in 1997.",Journal of the Medical Association of Georgia,00257028,,,88,24-26,1999-01-01,,2,"[{'name': 'Medical College of Georgia', 'city': 'Augusta', 'country': 'United States'}]",Journal,Article,"['7102336983', '7006575432']",
9,0031617451,A performance-based fire hazard analysis of a combustible liquid storage room in an industrial facility,Journal of Fire Protection Engineering,10423915,,1532172X,9,36-45,1998-12-01,10.1177/104239159800900203,0,"[{'name': 'Building Research Association of New Zealand Inc.', 'city': 'Porirua', 'country': 'New Zealand'}, {'name': 'Combustion Science and Engineering, Inc.', 'city': 'Columbia', 'country': 'United States'}]",Journal,Article,"['7102531577', '55434285800']",
10,0032506105,Impact on human health of Salmonella spp. on pork in The Netherlands and the anticipated effects of some currently proposed control strategies,International Journal of Food Microbiology,01681605,,,44,219-229,1998-11-10,10.1016/S0168-1605(98)00121-4,115,"[{'name': 'Faculteit Diergeneeskunde', 'city': 'Utrecht', 'country': 'Netherlands'}, {'name': 'Universiteit Utrecht', 'city': 'Utrecht', 'country': 'Netherlands'}]",Journal,Conference Paper,"['6602130606', '11540195400', '7005551901', '32668151900', '7006424578']",https://api.elsevier.com/content/article/eid/1-s2.0-S0168160598001214
11,0031701742,Fault-tree analysis of criticality in a pulsed column of a typical reprocessing facility,Nuclear Technology,00295450,,,121,3-13,1998-01-01,10.13182/NT98-A2814,0,"[{'name': 'The University of Tokyo', 'city': 'Tokyo', 'country': 'Japan'}, {'name': 'Japan Atomic Energy Agency', 'city': 'Kashiwa', 'country': 'Japan'}, {'name': 'Kyoto University', 'city': 'Kyoto', 'country': 'Japan'}, {'name': 'Radiation Application Development Association', 'city': 'Naka District', 'country': 'Japan'}]",Journal,Article,"['7402262066', '7402614712']",
12,0029472528,"International code of botanical nomenclature (Tokyo code) approved by the fifteenth international congress, Yokohama, August-September 1993",Englera,01704818,,,15,,1995-01-01,,0,,Journal,Article,['6701326538'],
13,0029146017,Pilot study of intravenous magnesium sulfate in refractory cardiac arrest: safety data and recommendations for future studies,Resuscitation,03009572,,,30,3-14,1995-01-01,10.1016/0300-9572(95)00868-T,60,"[{'name': 'Rose Medical Center', 'city': 'Denver', 'country': 'United States'}]",Journal,Article,"['24369811500', '6602460327', '6603681643', '7005138930', '16166442800', '16166597900', '16164866400', '16167019800', '16167124100']",https://api.elsevier.com/content/article/eid/1-s2.0-030095729500868T
14,0028529275,Integrated knowledge-based software for belt conveyor design,Bulk Solids Handling,01739980,,,14,775-779,1994-10-01,,4,,Journal,Article,"['56781367000', '57212997848', '55453530400']",
15,84977715889,Salmonella in eggs,Nutrition Bulletin,14719827,,14673010,19,11-18,1994-01-01,10.1111/j.1467-3010.1994.tb00543.x,4,"[{'name': 'Sheffield Hallam University', 'city': 'Sheffield', 'country': 'United Kingdom'}]",Journal,Article,['36777219900'],
16,85076035057,Transonic airfoil thickness variation requirements for maintaining shock-free flow,Proceedings of SPIE - The International Society for Optical Engineering,0277786X,,1996756X,1917,119-124,1993-09-08,10.1117/12.152751,0,"[{'name': 'Pennsylvania State University', 'city': 'University Park', 'country': 'United States'}, {'name': 'Deutsche Forschungs und Fersuchanstalt', 'city': 'Gottingen', 'country': 'Germany'}]",Conference Proceeding,Conference Paper,"['6701326005', '7005794427']",
17,0027577988,Transmission of compressed video over radio links,British Telecom technology journal,02650193,,,11,182-185,1993-04-01,,16,,Journal,Article,['7202348068'],
18,0027574905,Research of code collectors with delayed transmission used in signal and frequency synthesizers,Radiotekhnika i Elektronika,00338494,,,38,693-700,1993-04-01,,0,,Journal,Article,"['7006100822', '7004141474', '6701650167']",
19,0024943786,Knowledge-based system approach to aluminum component design,Computing in Civil Engineering (New York),,,,,186-194,1989-12-01,,0,"[{'name': 'SIRICON Inc', 'city': 'Montreal', 'country': 'Canada'}]",Conference Proceeding,Conference Paper,"['6602600983', '7103148932', '7005805315', '7006254998']",
20,0024858176,"Regulations of 9 February 1988 altering and amending Regulations No. 20 on the activities of ""Mother and Child"" homes.",Annual review of population law,03643417,,,16,97,1989-12-01,,0,,Journal,Article,[],
21,0023330076,Sanitary Standardization of Hazardous Substances in the Work Zone Air During the XI Five-Year Period..,Meditsina Truda I Promyshlennaya Ekologiya,00169919,,,,6-8,1987-04-01,,0,,Journal,Article,"['7007034930', '7005521406']",
